<?xml version="1.0" encoding="UTF-8"?>
<!DOCTYPE mapper PUBLIC "-//mybatis.org//DTD Mapper 3.0//EN" "http://mybatis.org/dtd/mybatis-3-mapper.dtd">

<!-- 해당 파일에 모든 쿼리문을 작성 -->
<mapper namespace="boardMapper">
    <resultMap id="board" type="com.green.Board2.vo.BoardVO">
        <result column="BOARD_NUM"      property="boardNum"/>
        <result column="TITLE"          property="title"/>
        <result column="CONTENT"        property="content"/>
        <result column="WRITER"         property="writer"/>
        <result column="CREATE_DATE"    property="createDate"/>
        <result column="READ_CNT"       property="readCnt"/>
    </resultMap>

    <select id="selectAll" resultMap="board">
        SELECT
            BOARD_NUM
            , TITLE
            , WRITER
            , CREATE_DATE
            , READ_CNT
        FROM BOARD
    </select>

    <insert id="writePost">
        INSERT INTO BOARD(
            TITLE
            , WRITER
            , CONTENT
        ) VALUES (
            #{title}
            , #{writer}
            , #{content}
        )
    </insert>

    <select id="selectOne" resultMap="board">
        SELECT
            BOARD_NUM
            , TITLE
            , CONTENT
            , WRITER
            , CREATE_DATE
        FROM BOARD
        WHERE BOARD_NUM = #{boardNum}
    </select>

    <update id="updatePost">
        UPDATE BOARD
        SET
            TITLE = #{title}
            , CONTENT = #{content}
        WHERE BOARD_NUM = #{boardNum}
    </update>

    <delete id="deletePost">
        DELETE FROM BOARD
        WHERE BOARD_NUM = #{boardNum}
    </delete>
	
</mapper>































